{
    "wedoLegacy.intro": "The LEGO® Education WeDo 2.0 is an introductory invention kit you can use to build your own interactive machines. You can snap together Scratch programming blocks to interact with your LEGO WeDo creations and add animations on the screen.",
    "wedoLegacy.requirement": "The LEGO WeDo 2.0 extension is available for Mac OSX and Windows 10+.",
    "wedoLegacy.getStarted": "Getting Started with LEGO WeDo 2.0",
    "wedoLegacy.installTitle": "1. Install Device Manager",
    "wedoLegacy.installText": "The Device Manager lets you connect WeDo 2.0 to Scratch using Bluetooth",
    "wedoLegacy.downloadMac": "Download for Mac OSX",
    "wedoLegacy.downloadWin": "Download for Windows 10+",
    "wedoLegacy.setupTitle": "2. Setup & Help",
    "wedoLegacy.setupText": "Connect your WeDo 2.0 by following the steps in the <a href=\"/projects/editor/?tip_bar=ext2\">Tips Window</a>",
    "wedoLegacy.createTitle": "3. Create",
    "wedoLegacy.createText": "Use the WeDo extension blocks to turn on lights, control motors, and make your project interactive",
    "wedoLegacy.wedo2SetupInstructions": "WeDo 2.0 Setup Instructions",
    "wedoLegacy.wedo1SetupInstructions": "WeDo 1.0 Setup Instructions",
    "wedoLegacy.starterProjects": "WeDo 2.0 Starter Projects",
    "wedoLegacy.starterMotor": "Motor",
    "wedoLegacy.starterDistance": "Distance Sensor",
    "wedoLegacy.starterTilt": "Tilt Sensor",
    "wedoLegacy.versionTitle": "Which version do you have?",
    "wedoLegacy.versionText": "You can also use Scratch to program the original LEGO WeDo (LEGO WeDo 1.0)."
}
