[
    {
        "userName": "labdalla",
        "userId": 35687410,
        "name": "Lena Abdalla"
    },
    {
        "userName": "shaanmasala",
        "userId": 29995562,
        "name": "Yusuf Ahmad"
    },
    {
        "userName": "ceebee",
        "userId": 2755634,
        "name": "Christan Balch"
    },
    {
        "userName": "Zinnea",
        "userId": 35911243,
        "name": "Zo\u00eb Bentley"
    },
    {
        "userName": "binnieb",
        "userId": 53715539,
        "name": "Robyn Bosic"
    },
    {
        "userName": "designerd",
        "userId": 3581881,
        "name": "Carl Bowman"
    },
    {
        "userName": "leoburd",
        "userId": 385,
        "name": "Leo Burd"
    },
    {
        "userName": "FredDog",
        "userId": 2496866,
        "name": "Jolie Castellucci"
    },
    {
        "userName": "kittyloaf",
        "userId": 27383273,
        "name": "Karishma Chadha"
    },
    {
        "userName": "Za-Chary",
        "userId": 974363,
        "name": "Zachary Deiman"
    },
    {
        "userName": "shruti",
        "userId": 3714374,
        "name": "Shruti Dhariwal"
    },
    {
        "userName": "pixelmoth",
        "userId": 2408962,
        "name": "Jacy Edelman"
    },
    {
        "userName": "Champ99",
        "userId": 900283,
        "name": "Champika Fernando"
    },
    {
        "userName": "dietbacon",
        "userId": 24137617,
        "name": "Mark Ferrell"
    },
    {
        "userName": "rmiel",
        "userId": 34557192,
        "name": "Elizabeth Foster"
    },
    {
        "userName": "Mos20",
        "userId": 52545208,
        "name": "Joan Fusco"
    },
    {
        "userName": "lilyland",
        "userId": 17184580,
        "name": "Lily Gabaree"
    },
    {
        "userName": "bluecrazie",
        "userId": 50257624,
        "name": "JT Galla"
    },
    {
        "userName": "chrisg",
        "userId": 1494,
        "name": "Chris Garrity"
    },
    {
        "userName": "Paddle2See",
        "userId": 49156,
        "name": "Mark Goff"
    },
    {
        "userName": "codubee",
        "userId": 10866958,
        "name": "Colby Gutierrez-Kraybill"
    },
    {
        "userName": "khanning",
        "userId": 1553886,
        "name": "Kreg Hanning"
    },
    {
        "userName": "pizzafordessert",
        "userId": 22183577,
        "name": "Sean Hickey"
    },
    {
        "userName": "sgcc_",
        "userId": 21986973,
        "name": "Paul Kaplan"
    },
    {
        "userName": "amylaser",
        "userId": 17462181,
        "name": "Amy Lee"
    },
    {
        "userName": "dsquare",
        "userId": 527836,
        "name": "DD Liu"
    },
    {
        "userName": "dinopickles",
        "userId": 34607790,
        "name": "Katelyn Mann"
    },
    {
        "userName": "harakou",
        "userId": 373646,
        "name": "Dalton Miner"
    },
    {
        "userName": "mwikali",
        "userId": 24838781,
        "name": "Marian Muthui"
    },
    {
        "userName": "",
        "userId": "",
        "name": "Abisola Okuk"
    },
    {
        "userName": "KayOh",
        "userId": 3018280,
        "name": "Kristin Osiecki"
    },
    {
        "userName": "scmb1",
        "userId": 246290,
        "name": "Sarah Otts"
    },
    {
        "userName": "tarmelop",
        "userId": 2286560,
        "name": "Carmelo Presicce"
    },
    {
        "userName": "mres",
        "userId": 167,
        "name": "Mitchel Resnick"
    },
    {
        "userName": "ericr",
        "userId": 159,
        "name": "Eric Rosenbaum"
    },
    {
        "userName": "natalie",
        "userId": 169,
        "name": "Natalie Rusk"
    },
    {
        "userName": "raimondious",
        "userId": 2584924,
        "name": "Ray Schamp"
    },
    {
        "userName": "speakvisually",
        "userId": 3484484,
        "name": "Eric Schilling"
    },
    {
        "userName": "thisandagain",
        "userId": 1709047,
        "name": "Andrew Sliwinski"
    },
    {
        "userName": "BrycedTea",
        "userId": 2029640,
        "name": "Bryce Taylor"
    },
    {
        "userName": "jaleesa",
        "userId": 2374106,
        "name": "Jaleesa Trapp"
    },
    {
        "userName": "algorithmar",
        "userId": 43013126,
        "name": "Maren Vernon"
    },
    {
        "userName": "cheddargirl",
        "userId": 159139,
        "name": "Franchette Viloria"
    },
    {
        "userName": "wheelsonfire",
        "userId": 10001044,
        "name": "Ben Wheeler"
    },
    {
        "userName": "achouse",
        "userId": 4747093,
        "name": "Annie Whitehouse"
    },
    {
        "userName": "cwillisf",
        "userId": 3532363,
        "name": "Chris Willis-Ford"
    },
    {
        "userName": "pondermake",
        "userId": 26779669,
        "name": "Kathy Wu"
    }
]
