[
    {
        "id": 128283902498,
        "headline": "Update to Scratch Offline Editor",
        "copy": "We’ve released an update to Offline Editor which fixed bugs affecting Windows users.",
        "url": "https://scratch.mit.edu/news#128283902498",
        "image": "https://33.media.tumblr.com/695b93f4ab74c68feaef1fe03baebdd5/tumblr_inline_n0xubtT0vU1szpavb.png"
    },
    {
        "id": 127476896298,
        "headline": "Scratch Video Update: Ep 10",
        "copy": "Check out a special Scratch Conference edition of the Scratch Video Update!",
        "url": "https://scratch.mit.edu/news#127476896298",
        "image": "https://40.media.tumblr.com/0b5814b2eafa94b3594a36ad84bbcae4/tumblr_inline_nmyxdgwxzU1szpavb_540.png"
    },
    {
        "id": 126445521858,
        "headline": "New Scratch Design Studio!",
        "copy": "In this new Scratch Design Studio, use Custom Blocks to open up more possiblities in Scratch!",
        "url": "https://scratch.mit.edu/news#126445521858",
        "image": "https://31.media.tumblr.com/d99a1da959f7d077d266580842a8d3f4/tumblr_inline_n6jlk1ULuG1szpavb.png"
    }
]
