{
    "teacherRegistration.nameStepTitle": "First &amp; Last Name",
    "teacherRegistration.nameStepDescription": "Your name will not be displayed publicly, and will be kept confidential and secure.",
    "teacherRegistration.firstName": "First Name",
    "teacherRegistration.lastName": "Last Name",
    "teacherRegistration.phoneNumber": "Phone Number",
    "teacherRegistration.phoneStepDescription": "Your phone number will not be displayed publicly, and will be kept confidential and secure",
    "teacherRegistration.phoneConsent": "Yes, the Scratch Team may call me to verify my Teacher Account if needed",
    "teacherRegistration.validationPhoneNumber": "Please enter a valid phone number",
    "teacherRegistration.validationPhoneConsent": "You must consent to verification of your Teacher Account",
    "teacherRegistration.privacyDescription": "Your information will not be displayed publicly, and will be kept confidential and secure.",
    "teacherRegistration.organization": "Organization",
    "teacherRegistration.orgTitle": "Your Role",
    "teacherRegistration.orgType": "Type of Organization",
    "teacherRegistration.checkAll": "Check all that apply",
    "teacherRegistration.orgChoiceElementarySchool": "Elementary School",
    "teacherRegistration.orgChoiceMiddleSchool": "Middle School",
    "teacherRegistration.orgChoiceHighSchool": "High School",
    "teacherRegistration.orgChoiceUniversity": "College/University",
    "teacherRegistration.orgChoiceAfterschool": "Afterschool Program",
    "teacherRegistration.orgChoiceMuseum": "Museum",
    "teacherRegistration.orgChoiceLibrary": "Library",
    "teacherRegistration.orgChoiceCamp": "Camp",
    "teacherRegistration.notRequired": "Not Required",
    "teacherRegistration.addressLine1": "Address Line 1",
    "teacherRegistration.addressLine2": "Address Line 2 (Optional)",
    "teacherRegistration.zipCode": "ZIP",
    "teacherRegistration.stateProvince": "State",
    "teacherRegistration.city": "City",
    "teacherRegistration.addressStepTitle": "Address",
    "teacherRegistration.useScratchStepTitle": "How you plan to use Scratch",
    "teacherRegistration.useScratchStepDescription": "Tell us a little about how you plan to use Scratch. Why do we ask for this information",
    "teacherRegistration.useScratchMaxLength": "Description must be at most 300 characters",
    "teacherRegistration.howUseScratch": "How do you plan to use Scratch at your organization?",
    "teacherRegistration.emailStepTitle": "Email Address",
    "teacherRegistration.emailStepDescription": "We will send you a confirmation email that will allow you to access your Scratch Teacher Account.",
    "teacherRegistration.validationEmailMatch": "The emails do not match",
    "teacherRegistration.validationAge": "Sorry, teachers must be at least 16 years old"
}
