{
    "about.introOne": "With Scratch, you can program your own interactive stories, games, and animations — and share your creations with others in the online community.",
    "about.introTwo": "Scratch helps young people learn to think creatively, reason systematically, and work collaboratively — essential skills for life in the 21st century.",
    "about.introThree": "Scratch is a project of the Lifelong Kindergarten Group at the MIT Media Lab. It is provided free of charge.",
    "about.introParents": "Info for parents",
    "about.introEducators": "Info for educators",
    "about.whoUsesScratch": "Who Uses Scratch?",
    "about.whoUsesScratchDescription": "Scratch is designed especially for ages 8 to 16, but is used by people of all ages. Millions of people are creating Scratch projects in a wide variety of settings, including homes, schools, museums, libraries, and community centers.",
    "about.aroundTheWorld": "Around the World",
    "about.aroundTheWorldDescription": "Scratch is used in more than 150 different countries and available in more than 40 languages. To change languages, click the menu at the bottom of the page. Or, in the Project Editor, click the globe at the top of the page. To add or improve a translation, see the {translationLink} page.",
    "about.translationLinkText": "translation",
    "about.quotes": "Quotes",
    "about.quotesDescription": "The Scratch Team has received many emails from youth, parents, and educators expressing thanks for Scratch. Want to see what people are saying? You can read a collection of the {quotesLink} we've received.",
    "about.quotesLinkText": "quotes",
    "about.learnMore": "Learn More About Scratch",
    "about.learnMoreHelp": "Tips Page",
    "about.learnMoreFaq": "Frequently Asked Questions",
    "about.learnMoreParents": "Information for Parents",
    "about.learnMoreCredits": "Credits",
    "about.literacy": "Learn to Code, Code to Learn",
    "about.literacyDescription": "The ability to code computer programs is an important part of literacy in today’s society. When people learn to code in Scratch, they learn important strategies for solving problems, designing projects, and communicating ideas.",
    "about.schools": "Scratch in Schools",
    "about.schoolsDescription": "Students are learning with Scratch at all levels (from elementary school to college) and across disciplines (such as math, computer science, language arts, social studies). Educators share stories, exchange resources, ask questions, and find people on the {scratchedLink}.",
    "about.scratchedLinkText": "ScratchEd website",
    "about.research": "Research",
    "about.researchDescription": "The MIT Scratch Team and collaborators are researching how people use and learn with Scratch (for an introduction, see {spfaLink}). Find out more about Scratch {researchLink} and {statisticsLink} about Scratch.",
    "about.spfaLinkText": "Scratch: Programming for All",
    "about.researchLinkText": "research",
    "about.statisticsLinkText": "statistics",
    "about.support": "Support and Funding",
    "about.supportDescription": "The Scratch project has received financial support from the following organizations: {supportersList}. See the {creditsLink} for more information. If you'd like to support Scratch, please see the Scratch Foundation {donateLink}, or contact us at {donateemail}.",
    "about.donateLinkText": "donations page",
    "about.creditsLinkText": "credits page"
}
