[
    {
        "id": 1,
        "type": "project",
        "title": "Project",
        "thumbnailUrl": "",
        "creator": "",
        "href": "#"
    },
    {
        "id": 2,
        "type": "project",
        "title": "Project",
        "thumbnailUrl": "",
        "creator": "",
        "href": "#"
    },
    {
        "id": 3,
        "type": "project",
        "title": "Project",
        "thumbnailUrl": "",
        "creator": "",
        "href": "#"
    },
    {
        "id": 4,
        "type": "project",
        "title": "Project",
        "thumbnailUrl": "",
        "creator": "",
        "href": "#"
    },
    {
        "id": 5,
        "type": "project",
        "title": "Project",
        "thumbnailUrl": "",
        "creator": "",
        "href": "#"
    },
    {
        "id": 6,
        "type": "project",
        "title": "Project",
        "thumbnailUrl": "",
        "creator": "",
        "href": "#"
    }
]
