{
 "animation": [
  {
   "id": 10128067,
   "type": "project",
   "title": "Dance Party",
   "image": "https://cdn2.scratch.mit.edu/get_image/project/10128067_144x108.png",
   "author": {"username": "Scratchteam"},
   "href": "https://scratch.mit.edu/projects/10128067/",
   "stats": {"loves": 0, "remixes": 0}
  },
  {
   "id": 10015059,
   "type": "project",
   "title": "Animate the Crab",
   "image": "https://cdn2.scratch.mit.edu/get_image/project/10015059_144x108.png",
   "author": {"username": "Scratchteam"},
   "href": "https://scratch.mit.edu/projects/10015059/",
   "stats": {"loves": 0, "remixes": 0}
  },
  {
   "id": 10015060,
   "type": "project",
   "title": "The Pico Show: Intro",
   "image": "https://cdn2.scratch.mit.edu/get_image/project/10015060_144x108.png",
   "author": {"username": "Scratchteam"},
   "href": "https://scratch.mit.edu/projects/10015060/",
   "stats": {"loves": 0, "remixes": 0}
  },
  {
   "id": 11806234,
   "type": "project",
   "title": "Greeting Card",
   "image": "https://cdn2.scratch.mit.edu/get_image/project/11806234_144x108.png",
   "author": {"username": "Scratchteam"},
   "href": "https://scratch.mit.edu/projects/11806234/",
   "stats": {"loves": 0, "remixes": 0}
  },
  {
   "id": 10128197,
   "type": "project",
   "title": "Teens at the Castle",
   "image": "https://cdn2.scratch.mit.edu/get_image/project/10128197_144x108.png",
   "author": {"username": "Scratchteam"},
   "href": "https://scratch.mit.edu/projects/10128197/",
   "stats": {"loves": 0, "remixes": 0}
  }
 ],
 "games": [
  {
   "id": 10128515,
   "type": "project",
   "title": "Pong Starter",
   "image": "https://cdn2.scratch.mit.edu/get_image/project/10128515_144x108.png",
   "author": {"username": "Scratchteam"},
   "href": "https://scratch.mit.edu/projects/10128515/",
   "stats": {"loves": 0, "remixes": 0}
  },
  {
   "id": 10128431,
   "type": "project",
   "title": "Maze Starter",
   "image": "https://cdn2.scratch.mit.edu/get_image/project/10128431_144x108.png",
   "author": {"username": "Scratchteam"},
   "href": "https://scratch.mit.edu/projects/10128431/",
   "stats": {"loves": 0, "remixes": 0}
  },
  {
   "id": 10128368,
   "type": "project",
   "title": "Hide and Seek",
   "image": "https://cdn2.scratch.mit.edu/get_image/project/10128368_144x108.png",
   "author": {"username": "Scratchteam"},
   "href": "https://scratch.mit.edu/projects/10128368/",
   "stats": {"loves": 0, "remixes": 0}
  },
  {
   "id": 11656680,
   "type": "project",
   "title": "Dress Up Tera",
   "image": "https://cdn2.scratch.mit.edu/get_image/project/11656680_144x108.png",
   "author": {"username": "Scratchteam"},
   "href": "https://scratch.mit.edu/projects/11656680/",
   "stats": {"loves": 0, "remixes": 0}
  },
  {
   "id": 10866073,
   "type": "project",
   "title": "Snowboarding",
   "image": "https://cdn2.scratch.mit.edu/get_image/project/10866073_144x108.png",
   "author": {"username": "Scratchteam"},
   "href": "https://scratch.mit.edu/projects/10866073/",
   "stats": {"loves": 0, "remixes": 0}
  }
 ],
 "interactiveArt": [
  {
   "id": 10015857,
   "type": "project",
   "title": "Paint with Gobo",
   "image": "https://cdn2.scratch.mit.edu/get_image/project/10015857_144x108.png",
   "author": {"username": "Scratchteam"},
   "href": "https://scratch.mit.edu/projects/10015857/",
   "stats": {"loves": 0, "remixes": 0}
  },
  {
   "id": 11829803,
   "type": "project",
   "title": "Wizard Spells",
   "image": "https://cdn2.scratch.mit.edu/get_image/project/11829803_144x108.png",
   "author": {"username": "Scratchteam"},
   "href": "https://scratch.mit.edu/projects/11829803/",
   "stats": {"loves": 0, "remixes": 0}
  },
  {
   "id": 10007296,
   "type": "project",
   "title": "Soundflower",
   "image": "https://cdn2.scratch.mit.edu/get_image/project/10007296_144x108.png",
   "author": {"username": "Scratchteam"},
   "href": "https://scratch.mit.edu/projects/10007296/",
   "stats": {"loves": 0, "remixes": 0}
  },
  {
   "id": 11641125,
   "type": "project",
   "title": "Spiral Maker",
   "image": "https://cdn2.scratch.mit.edu/get_image/project/11641125_144x108.png",
   "author": {"username": "Scratchteam"},
   "href": "https://scratch.mit.edu/projects/11641125/",
   "stats": {"loves": 0, "remixes": 0}
  },
  {
   "id": 259169999,
   "type": "project",
   "title": "Dancing Drawings",
   "image": "https://cdn2.scratch.mit.edu/get_image/project/259169999_144x108.png",
   "author": {"username": "shruti"},
   "href": "https://scratch.mit.edu/projects/259169999/",
   "stats": {"loves": 0, "remixes": 0}
  }
 ],
 "musicDance": [
  {
   "id": 10015792,
   "type": "project",
   "title": "Remix this Dance!",
   "image": "https://cdn2.scratch.mit.edu/get_image/project/10015792_144x108.png",
   "author": {"username": "Scratchteam"},
   "href": "https://scratch.mit.edu/projects/10015792/",
   "stats": {"loves": 0, "remixes": 0}
  },
  {
   "id": 10012676,
   "type": "project",
   "title": "Piano",
   "image": "https://cdn2.scratch.mit.edu/get_image/project/10012676_144x108.png",
   "author": {"username": "Scratchteam"},
   "href": "https://scratch.mit.edu/projects/10012676/",
   "stats": {"loves": 0, "remixes": 0}
  },
  {
   "id": 10128483,
   "type": "project",
   "title": "Starfish Choir",
   "image": "https://cdn2.scratch.mit.edu/get_image/project/10128483_144x108.png",
   "author": {"username": "Scratchteam"},
   "href": "https://scratch.mit.edu/projects/10128483/",
   "stats": {"loves": 0, "remixes": 0}
  },
  {
   "id": 11640429,
   "type": "project",
   "title": "DJ Scratch Cat",
   "image": "https://cdn2.scratch.mit.edu/get_image/project/11640429_144x108.png",
   "author": {"username": "Scratchteam"},
   "href": "https://scratch.mit.edu/projects/11640429/",
   "stats": {"loves": 0, "remixes": 0}
  },
  {
   "id": 10408883,
   "type": "project",
   "title": "Code a Dance",
   "image": "https://cdn2.scratch.mit.edu/get_image/project/10408883_144x108.png",
   "author": {"username": "Scratchteam"},
   "href": "https://scratch.mit.edu/projects/10408883/",
   "stats": {"loves": 0, "remixes": 0}
  }
 ],
 "stories": [
  {
   "id": 10014866,
   "type": "project",
   "title": "5 Random Facts about Me",
   "image": "https://cdn2.scratch.mit.edu/get_image/project/10014866_144x108.png",
   "author": {"username": "Scratchteam"},
   "href": "https://scratch.mit.edu/projects/10014866/",
   "stats": {"loves": 0, "remixes": 0}
  },
  {
   "id": 10063757,
   "type": "project",
   "title": "Introducing Howler! Remix",
   "image": "https://cdn2.scratch.mit.edu/get_image/project/10063757_144x108.png",
   "author": {"username": "Scratchteam"},
   "href": "https://scratch.mit.edu/projects/10063757/",
   "stats": {"loves": 0, "remixes": 0}
  },
  {
   "id": 10128197,
   "type": "project",
   "title": "Teens at the Castle",
   "image": "https://cdn2.scratch.mit.edu/get_image/project/10128197_144x108.png",
   "author": {"username": "Scratchteam"},
   "href": "https://scratch.mit.edu/projects/10128197/",
   "stats": {"loves": 0, "remixes": 0}
  },
  {
   "id": 11804271,
   "type": "project",
   "title": "Virtual Tour",
   "image": "https://cdn2.scratch.mit.edu/get_image/project/11804271_144x108.png",
   "author": {"username": "Scratchteam"},
   "href": "https://scratch.mit.edu/projects/11804271/",
   "stats": {"loves": 0, "remixes": 0}
  },
  {
   "id": 10015868,
   "type": "project",
   "title": "Digital Story",
   "image": "https://cdn2.scratch.mit.edu/get_image/project/10015868_144x108.png",
   "author": {"username": "Scratchteam"},
   "href": "https://scratch.mit.edu/projects/10015868/",
   "stats": {"loves": 0, "remixes": 0}
  }
 ],
 "video": [
  {
   "id": 10128168,
   "type": "project",
   "title": "Musical Buttons",
   "image": "https://cdn2.scratch.mit.edu/get_image/project/10128168_144x108.png",
   "author": {"username": "Scratchteam"},
   "href": "https://scratch.mit.edu/projects/10128168/",
   "stats": {"loves": 0, "remixes": 0}
  },
  {
   "id": 10128119,
   "type": "project",
   "title": "Bubbles with Video Sensing",
   "image": "https://cdn2.scratch.mit.edu/get_image/project/10128119_144x108.png",
   "author": {"username": "Scratchteam"},
   "href": "https://scratch.mit.edu/projects/10128119/",
   "stats": {"loves": 0, "remixes": 0}
  },
  {
   "id": 10123832,
   "type": "project",
   "title": "Save the Mini-Figs!",
   "image": "https://cdn2.scratch.mit.edu/get_image/project/10123832_144x108.png",
   "author": {"username": "Scratchteam"},
   "href": "https://scratch.mit.edu/projects/10123832/",
   "stats": {"loves": 0, "remixes": 0}
  },
  {
   "id": 10015802,
   "type": "project",
   "title": "Pizza Chef",
   "image": "https://cdn2.scratch.mit.edu/get_image/project/10015802_144x108.png",
   "author": {"username": "Scratchteam"},
   "href": "https://scratch.mit.edu/projects/10015802/",
   "stats": {"loves": 0, "remixes": 0}
  },
  {
   "id": 63809044,
   "type": "project",
   "title": "Soccer Video Sensing",
   "image": "https://cdn2.scratch.mit.edu/get_image/project/63809044_144x108.png",
   "author": {"username": "natalie"},
   "href": "https://scratch.mit.edu/projects/63809044/",
   "stats": {"loves": 0, "remixes": 0}
  }
 ]
}
